ticker,empresa,fecha_rec,score,prob,entry,sl,tp,horizonte,winrate,avgret
MTZ,MasTec Inc,2026-07-06,9,0.6605,373.47,342.54,453.75,3 months,0.7473,0.1234
FTI,TechnipFMC PLC,2026-07-13,8,0.6075,71.87,65.54,89.83,3 months,0.8272,0.1762
VRT,Vertiv Holdings Co,2026-07-20,8,0.6022,289.6,259.13,364.49,3 months,0.7025,0.2228
CRS,Carpenter Technology Corp,2026-07-27,8,0.5947,603.73,547.81,763.52,3 months,0.7985,0.1723
CASY,Caseys General Stores Inc,2026-08-03,8,0.5928,871.04,833.07,963.62,3 months,0.7493,0.0566
GEV,GE Vernova Inc,2026-08-10,8,0.5949,990.36,902.94,1331.92,3 months,0.8235,0.2485
RTX,RTX Corp,2026-08-17,7,0.5742,223.01,206.5,256.51,3 months,0.7094,0.0757
ATI,ATI Inc,2026-08-31,8,0.6139,210.8,190.08,270.25,3 months,0.7738,0.1866
AER,AerCap Holdings NV,2026-09-07,8,0.6051,145.43,134.63,166.44,3 months,0.7376,0.07
AU,Anglogold Ashanti PLC,2026-09-14,10,0.6599,104.45,95.45,138.36,3 months,0.7177,0.2095
AAPL,Apple Inc,2026-09-21,8,0.562,336.17,318.42,372.44,3 months,0.7194,0.0575
PH,Parker-Hannifin Corp,2026-09-28,8,0.567,978.37,921.7,1128.46,3 months,0.765,0.0951
