date,ticker,open,high,low,close,volume
2026-10-02,AAPL,333.26,334.54,330.61,333.69,33245500
2026-10-02,AER,144.94,145.24,143.48,144.34,961900
2026-10-02,ATI,193.21,194.31,188.67,192.42,1423600
2026-10-02,AU,95.66,96.09,93.88,94.92,1296400
2026-10-02,CASY,622.01,626.16,609.37,617.76,608700
2026-10-02,CRS,388.19,392.28,380.56,388.47,824700
2026-10-02,FTI,68.41,69.53,67.96,68.82,2745800
2026-10-02,GEV,1004.0,1006.0,960.53,988.7,2155000
2026-10-02,MTZ,216.0,223.2,215.44,215.93,1090700
2026-10-02,PH,976.94,983.96,966.55,972.55,344600
2026-10-02,RTX,184.5,185.82,183.83,184.68,3812400
2026-10-02,SPY,770.58,772.65,767.15,769.64,46306400
2026-10-02,VRT,250.64,254.8,248.54,252.18,3344900
2026-10-05,AAPL,332.82,336.21,331.65,332.89,34350900
2026-10-05,AER,147.25,147.25,143.19,143.29,854100
2026-10-05,ATI,192.32,196.09,189.25,193.09,1529000
2026-10-05,AU,95.05,95.2,93.21,94.48,1746100
2026-10-05,CASY,617.37,619.05,600.31,617.33,606600
2026-10-05,CRS,387.57,396.4,382.51,392.2,927700
2026-10-05,FTI,69.02,72.21,68.35,70.25,3295800
2026-10-05,GEV,988.06,996.43,973.7,990.0,1665600
2026-10-05,MTZ,216.5,224.02,212.88,219.4,1301000
2026-10-05,PH,970.95,981.89,958.06,975.68,334900
2026-10-05,RTX,184.26,185.24,182.62,184.33,3385200
2026-10-05,SPY,769.69,776.61,769.63,774.83,44789900
2026-10-05,VRT,254.34,258.1,250.06,253.62,4341400
2026-10-06,AAPL,332.28,334.38,330.62,333.63,30425700
2026-10-06,AER,144.38,147.8,143.6,146.27,802100
2026-10-06,ATI,194.57,195.82,189.43,194.69,815300
2026-10-06,AU,93.64,94.72,92.37,93.55,1938200
2026-10-06,CASY,620.04,633.37,612.83,620.8,643600
2026-10-06,CRS,396.18,398.0,385.25,395.71,549700
2026-10-06,FTI,69.94,70.7,69.09,69.89,2767400
2026-10-06,MTZ,222.29,233.21,221.0,228.3,1283800
2026-10-06,PH,980.0,992.0,975.7,984.91,376600
2026-10-06,RTX,183.55,184.6,182.41,183.29,4250000
2026-10-06,SPY,778.15,781.62,777.96,779.09,36006700
